花創作　高原	松戸市稔台7-3-1　関コーポ	35.787724	139.927917	047-308-5187	商品代金の5％off (只、お持ち帰り商品に限らせて頂きます。）※ギフト券は除く
金太楼鮨上本郷店	松戸市上本郷2648-6	35.789646	139.916397	047-363-0145	お子様にアイスクリームサービス
松戸ヘルスランド	松戸市松戸新田580-1	35.789875	139.930222	047-366-2467	貸タオル（小）100円と貸タオル（大）200円を1組無料サービス
オートバックス松戸店	松戸市松戸新田63-1	35.77919	139.91626	047-308-5400	「子育てみらいカード」提示でエンジンオイルを10％ＯＦＦ。「子育てみらいカード」提示で車検基本料金より1,000円引き。
車検のコバック　南花島店	松戸市南花島2-21-4	35.792122	139.909744	047-365-3118	車検時、エンジンオイル交換無料（対象：乗用車まで）
車検のコバック　松戸新田店	松戸市松戸新田122-1	35.782009	139.918716	047-369-1199	車検時、エンジンオイル交換無料（対象：乗用車まで）
イタリア家庭料理　ベッラビスタ	松戸市稔台1-11-31　深沢ビル1Ｆ　104	35.788715	139.930206	047-364-7710	お子様1ドリンクサービス（ブドウジュースなっちゃん）
セオサイクル　稔台店	松戸市稔台1-8-10-101	35.789227	139.932312	047-312-2666	自転車の買い替え時、処分料を無料にします。(通常は￥525です。）
株式会社Ａｕｔｏ　Ｋｕｒｉｌ	松戸市稔台3-41-1	35.780487	139.931839	047-710-8480	鈑金塗装修理　工賃5％off
タイヨ―電気　松戸仲井町店	松戸市仲井町1-87	35.789265	139.920242	047-366-4440	お買い上げ金額5000円以上で７％割引　※現金お支払い時のみ
おぎはら整骨院	松戸市稔台2-1-1　稔台ハイツ101	35.785927	139.931168	047-361-3822	お子様用おやつのサービス
自家培養酵母パン　グランクール	松戸市稔台1-12-15-105	35.788326	139.930405	047-308-3608	スタンプを2倍サービス
理容室　マツクラ	松戸市稔台1-1-8　松倉ビル2Ｆ	35.789291	139.931046	047-368-1647	カードを提示して頂いたお子様には子供カットをサービス価格にて提供させて頂きます。
中華料理　桝屋	松戸市仲井町1-92	35.789265	139.920242	047-362-7670	お連れのお子様１人につき、ヤクルト400を1本サービス
ヘアーサロン　ベア	松戸市仲井町1-5-1	35.790016	139.922211	047-366-8052	お子様の技術料金5％引き
酒舗わたなべ　(有)渡辺酒店	松戸市稔台1-12-15	35.788326	139.930405	047-362-6777	1，000円以上お買い上げのお客様はポイント2倍のサービス致します。
ハートリブカフェ	松戸市松戸新田579-9浮ヶ谷ビル1Ｆ	35.79007	139.93103	047-308-0666	100円引き
肉の江川	松戸市松戸新田579-5	35.79007	139.93103	047-362-3279	毎週（月）・（木）・（土）「みのりスタンプ」2倍サービス
養老乃瀧	松戸市松戸新田577　江川ビル2Ｆ	35.789875	139.930222	047-368-9862	カテゴリー（食事メニュー）100円引き。（例）特製石焼ビビンバ　420円→320円　　　醤油ラーメン　400円→300円
美容室　Ｓａｋｕ　上本郷店	松戸市仲井町3-21	35.78838	139.91748	047-392-6878	・お連れのお子様に飲み物提供
マクドナルド　北松戸店	松戸市上本郷889-3	35.799892	139.911484	047-394-8281	◆チーズバーガーハッピーセットを特別価格で提供いたします。
松戸中央調剤薬局	松戸市上本郷3194	35.795387	139.917236	047-360-3131	お連れのお子様に粗品（キャラクターグッズ）進呈
米のコイシ　松戸南部市場店	松戸市松戸新田30番地松戸南部市場内	35.778893	139.917419	047-367-1239	お米全品　５％ｏｆｆ（特価品を除く場合があります）
大八北珍	松戸市仲井町3-13	35.788998	139.91684	047-368-1609	・商品代金の割引・お子様用おやつのサービス
京葉ガスサービスショップ上本郷店	松戸市上本郷3997-1	35.801361	139.907257	047-366-0929	・がすたんシールプレゼント。・ガスファンヒーター購入時、がすたんランチバッグプレゼント
株式会社　丸亀　松戸店	松戸市松戸新田30　南部市場内	35.778893	139.917419	047-363-6624	おいでくださいましたお客様には粗品進呈、又、割引等を致します。
有限会社松戸来嶋	松戸市松戸新田30　松戸市綜合市場　関連食品棟	35.778893	139.917419	047-363-6714	スタンプカードの押印2倍サービススタンプは、700円以上のお買い上げに1個（ご来店お買い上げスタンプ）、さらにレジ袋ご持参の場合に1個（エコスタンプ）の一日最大2個のスタンプ押印ですが、このサービスを子育てみらいカードのご提示にて、倍の押印をいたします（最大で4個の押印）。なお、スタンプカードは10個の押印で200円分のお買い物に充当できます。
ハイム化粧品　株式会社	松戸市上本郷289-3	35.796055	139.907486	047-363-4285	このカードをお持ちで会社に来ていただいた皆さんには、チャイルドシリーズ商品（浴用せっけん、チャイルドサンスクリーン、チャイルドスキンクリーム）を15％引きとさせていただきます。お子様には「むー君」シールなどをプレゼントします。
㈱マツモトキヨシ　松戸新田店	松戸市松戸新田432-12	35.790699	139.927338	047-361-5222	ベビー食品・ベビー紙おむつ　表示価格より５％OFF
㈱マツモトキヨシ　北松戸東口駅前店	松戸市上本郷897-3	35.799809	139.911942	047-331-0161	ベビー食品・ベビー紙おむつ　表示価格より５％OFF
トウブドラッグみのり台店	松戸市稔台101-1	35.785198	139.929352	047-703-3162	ベビー食品・ベビー紙おむつ　表示価格より５％OFF
肉の稲毛屋	松戸市稔台1-10-18　第二水野ビル101	35.788921	139.931168	047-365-1733	ご来店のお子様に、つくね（￥42）のやきとりを1本プレゼント
(株)葉山ガーデン　松戸店	松戸市緑ヶ丘1-124	35.787792	139.909943	047-363-1370	①インテリア小物全品5％ＯＦＦ（セール品除く）②家具お買い上げの方、配送設置料を無料
山田屋台紙店	松戸市稔台8-14-5	35.786972	139.922958	047-711-7501	・初回ご購入時に、粗品進呈。・初回ご購入時に、次回10％OFFクーポン進呈。
㈱フロンティアコーポレーション	松戸市松戸新田24-6-1	35.777798	139.9142	047-382-5810	弊社がいただく手数料の割引（8％引き）
かつまた鍼灸治療院	松戸市古ヶ崎4-3562-1	35.805622	139.898392	047-365-4874	全身治療（調整）6000円→4000円美容鍼灸10000円→8000円に割引
だんごのやまか	松戸市北松戸2-6-11共栄マンション1Ｆ	35.799736	139.913879	047-366-0002	お買上げ総額の5％割引
ドッグビューティーサロン　キャロル	松戸市北松戸3-7-4	35.800697	139.916382	047-364-0040	ワンちゃんの購入時、10％引き
キックボクシングアカデミー　ＲＯＯＴＳ	松戸市北松戸2-3-7　アコードプラザビル２Ｆ	35.800983	139.913528	047-364-7877	入会金50％オフ　10,000円→5.,000円
藤屋　北松戸店	松戸市北松戸2-6-6	35.799736	139.913879	047-364-7458	現金お買上げの総額の5％割引き。
マクドナルド　北松戸ベルクス店	松戸市栄町2-76-2	35.800308	139.903915	047-330-2021	◆チーズバーガーハッピーセットを特別価格で提供いたします。
すばる書店　松戸栄町店	松戸市栄町西2-865	35.809765	139.895844	047-330-0888	文具お買い上げ5%割引サービス
フラワーショップ花絵	松戸市栄町3-157	35.803497	139.904999	047-367-7423	ポイント２倍サービス
牧美容室	松戸市栄町3-138	35.802399	139.904892	047-367-0874	お子様の技術料金１０％割引大人　約３０％引き
光バーバー	松戸市北松戸1-3-7	35.802704	139.912903	047-364-2748	来店のお子様に、お菓子のプレゼント
㈱マツモトキヨシ　松戸栄町店	松戸市栄町2-76-3	35.800308	139.903915	047-331-2200	ベビー食品・ベビー紙おむつ　表示価格より５％OFF
㈱マツモトキヨシ　北松戸店	松戸市北松戸2-1-2	35.800091	139.913101	047-331-5521	ベビー食品・ベビー紙おむつ　表示価格より５％OFF
井上自動車工業株式会社	松戸市栄町西1-759-1	35.808731	139.895706	047-360-8818	安全を第一に①各種法廷点検を表示価格より5％OFF②エンジンオイル・エレメント交換一律3,990円（税込）で提供
ファミリーリゾート・ペンション・キャプテンフック	静岡県伊東市十足321-1	34.913177	139.086868	0557-45-5400	合計金額より１，０００円引きにさせていただきます！
車検のコバック　小金きよしヶ丘店	松戸市小金きよしヶ丘2-21-5	35.829262	139.934555	047-309-5252	車検時、エンジンオイル交換無料（対象：乗用車まで）
パン工房　マキノ	松戸市殿平賀392-1	35.836739	139.926346	047-342-1345	お買い上げ総額の5％割引お連れのお客様に、麦茶とパンプリンのサービス
千葉トヨタ自動車株式会社　松戸二ツ木店	松戸市二ツ木1907番地	35.815899	139.925156	047-341-1201	＊平日来店車検入庫（予約制）の整備料金10％引きさらに　ハッピーチケットの進呈（３，０００円チケット・次回来店時に使用可）＊平日来店法定点検・プロケア10・オイル交換（予約制）料金10％引き来店時に登録カードの提示が必要となります。サービスの内容は変更になる場合がありま
イオン北小金店	松戸市小金1番地	35.832588	139.93161	047-348-3100	毎月10日はサティ直営店でのお買い物が5％割引になります。お支払いの際にはレジで「子育てみらいカード」をご提示下さい。
マクドナルド　6号新松戸店	松戸市二ツ木1782-1	35.817299	139.925873	047-374-5520	◆チーズバーガーハッピーセットを特別価格で提供いたします。
マクドナルド　イオン北小金店	松戸市小金1番地	35.832588	139.93161	047-340-6385	◆チーズバーガーハッピーセットを特別価格で提供いたします。
ヘアーサロンＷｉｔｈ〔ウィズ〕	松戸市大金平5-344-3	35.837429	139.920319	047-344-6982	お子様にお菓子を差し上げます。
ＲＥＬＡＸＡＴＩＯＮ　ＳＰＡＣＥ　ＨＯＰ	松戸市小金きよしヶ丘3-3-5	35.828457	139.934647	047-347-3791	・おやつのサービス・初めてするカットの場合の、写真撮影※カードの提示がなくても大丈夫です。
センチュリー２１五大ホーム株式会社	松戸市小金2番地　ピコティ西館106	35.832287	139.931122	047-345-4311	弊社でいただくお手数料の割引（5％引き）
ラビット６号北小金店	松戸市二ツ木135-9	35.823334	139.932526	047-374-5001	・買取及び販売成約された場合、特典として5,000円分の商品券を提供。（買取の場合は、車両金額が10万円以上が対象となります）
㈱マツモトキヨシ　小金店	松戸市小金44	35.831245	139.932281	047-344-7254	ベビー食品・ベビー紙おむつ　表示価格より５％OFF
英会話のスプラウト	松戸市幸田5-585	35.842793	139.930099	047-348-7710	入学金（5,000円）免除。出張授業の場合、出張料の半分（2,500円）を免除。
リラクゼーションサロンＣＯＣＯＲＯ	松戸市新松戸3丁目（詳細な住所は、予約の際にお伝えします）	35.825279	139.914948	090-4067-8534	ハーブティー・フローラルウォーター・トリートメントオイル・バスソルトなどなど、ほっとひと息＆癒しのプレゼントをご用意！
こども英語教室　ラボ・パーティ　二三ヶ丘幼稚園教室	松戸市二ツ木1692	35.818356	139.925339	0120-808-743	ラボ・パーティの体験教室に参加された方には、英語の歌14曲・物語2作が収録されたCDをプレゼントします♪
カラーリオン	松戸市小金原6-5-11（小金原中央商店街内）	35.819118	139.944931	047-345-7090	小学生以下のお子様がいるお母様。「ママキッズクラブ」に入会いただくと、お子様のカットが幼児1,300円、小学生1,500円（共にシャンプー別）。さらにお母様、お父様のご利用時には、基本技術料（4,000以上）を10％ＯＦＦ。
田中屋ストアー	松戸市小金原8-30-5	35.811932	139.942566	047-341-3594	カード提示の200円以上お買上げのお客様にお菓子をサービス
銀座山形屋　松戸小金原店	松戸市小金原6-12-2	35.819759	139.949585	047-330-4354	お買上げ総額の5％割引
バーバー　ナカヤマ	松戸市小金原8-9　30	35.812458	139.941559	047-343-5223	毎週金曜日は小学生カット料金500円引き（おかしサービス）
京葉ガスサービスショップ小金原店	松戸市小金原6-2-18	35.819595	139.94545	047-341-9141	・がすたんシールプレゼント。・ガスファンヒーター購入時、がすたんランチバッグプレゼント
（有）ファミリー商会　小金原店	松戸市小金原6-5-5	35.819118	139.944931	047-341-4349	お宮参り、七五三、入園、卒業等お子様の記念写真を５％割引
㈱マツモトキヨシ　小金原店	松戸市小金原6-5-4	35.819118	139.944931	047-341-2022	ベビー食品・ベビー紙おむつ　表示価格より５％OFF
㈱マツモトキヨシ　小金原4丁目店	松戸市小金原4丁目36-7	35.81995	139.94101	047-341-7733	ベビー食品・ベビー紙おむつ　表示価格より５％OFF
なちゅらるばぁす　のべ	松戸市栗ヶ沢781-3	35.812012	139.956009	090-4737-5417	乳房ケア料金500円引き　NPO法人松戸わいねっと会員の方はさらに500円引き　併用可。
すばる書店　二十世紀が丘店	市川市堀之内3-31-16	35.763973	139.912689	047-320-8821	本屋クラブカードもしくはＴカードご利用でポイント2倍
すばる書店　青葉台店	柏市青葉台2-17-31	35.812157	139.957886	04-7160-7123	文具お買い上げ5%割引サービス
住友生命　南柏支部	柏市柏2-5-7　住友生命柏ビル5F	35.860817	139.973862	04-7164-5438	ご来店、ご面談時にカードを提示して頂けましたら、ピングーグッズを差し上げます。
ピカハウス	東京都江東区永代2-31-15　ベルウッド永代2階	35.673634	139.792709	0120-2-12345	すべてのサービス、1,000円割引（キャンペーン対象サービスは500円割引）
市川大野　本光寺	市川市大野町3－1695－1	35.755836	139.953705	047-337-8324	・中学生までのお子様に「ひかる君のおまもり」を授与します。・中学生までのお子様に「こどもおみくじ（凶のないおみくじです。）」を引いてもらいます。
株式会社ママＭＡＴＥ	柏市南柏1-7-18-506	35.846283	139.953949	04-7146-1932	新規登録費（10,800円）免除　※別途、年会費（10,800円）がかかります。
カラオケ　プティドール	松戸市新松戸2-122　新松戸ホテルビル2Ｆ	35.824619	139.919525	047-346-2002	焼餃子3個ｏｒシュウマイ2個or春巻1本or杏仁豆腐1コor桃まんじゅうの中からいずれか1品プレゼント。他クーポンとの併用不可。PM10：00まで。
台湾料理　台葉	松戸市新松戸2-122　新松戸ホテルビル6Ｆ	35.824619	139.919525	047-346-2003	焼餃子3個ｏｒシュウマイ2個or春巻1本or杏仁豆腐1コor桃まんじゅうの中からいずれか1品プレゼント。他クーポンとの併用不可。
魚ざんまい　魚三郎　新松戸直売所	松戸市新松戸2-107 バロンビルＢ１Ｆ	35.824677	139.920563	047-369-2312	飲食代10％ＯＦＦ
カメラのキタムラ　松戸／ダイエー新松戸店	松戸市新松戸3-2-2　ダイエー新松戸店2階	35.825199	139.916016	047-346-0952	・（デジカメプリント・ケイタイプリント割引）Ｌサイズ、ハガキサイズ、ＤＳＣサイズ、ケイタイサイズのいずれか20枚以上ご注文で店頭通常価格より10％ＯＦＦ・（フィルム現像＋プリントの同時プリント割引）店頭通常価格より1本につき300円お値引きします。
マーズ	松戸市新松戸3-280　1Ｆ	35.823689	139.914444	047-347-8871	お子様の技術料金20％割引
ソフトバンク新松戸	松戸市新松戸南1-371	35.820553	139.913895	047-309-5151	携帯電話購入にてソフトバンク「お父さん犬グッズ」プレゼント。
マクドナルド　新松戸コモディイイダ店	松戸市新松戸5-134	35.827957	139.909332	047-394-2877	◆チーズバーガーハッピーセットを特別価格で提供いたします。
マクドナルド　新松戸駅前店	松戸市新松戸1-482森谷ビル	35.826229	139.920853	047-349-7831	◆チーズバーガーハッピーセットを特別価格で提供いたします。
アジアンダイニング　ルンビニ　新松戸店	松戸市新松戸4-56　松正ビル1階	35.826649	139.915726	047-345-2043	お会計10％ＯＦＦ（テイクアウト、飲み放題付きコースを除く）
京葉ガスサービスショップ新松戸店	松戸市新松戸5-147	35.827957	139.909332	047-346-1571	・がすたんシールプレゼント。・ガスファンヒーター購入時、がすたんランチバッグプレゼント
大渕畳店	松戸市新松戸3-150	35.823868	139.917175	047-343-6991	工事代金の５％割引
食彩厨房　いちげん　新松戸店	松戸市新松戸1-493-2Ｆ	35.826561	139.92009	047-309-2922	ご飲食代金１０％ＯＦＦ（１日１回１組６名様まで）
R&I　group　（R&Iコンサルティング株式会社）	松戸市新松戸4-22-1紀伊国屋10階	35.827187	139.919205	047-309-3536	ご来店、ご面談時に「子育てみらいカード」をご提示していただけましたら、「FP有料相談」が「無料」に！また、ご来場のお子様にはもれなく「アフラックダック　または、メッドライフスヌーピー」をプレゼント！
㈱マツモトキヨシ　新松戸南店	松戸市新松戸南1-357	35.82045	139.91449	047-343-7760	ベビー食品・ベビー紙おむつ　表示価格より５％OFF
㈱マツモトキヨシ　新松戸中央店	松戸市新松戸5-137	35.828232	139.907562	047-343-5781	ベビー食品・ベビー紙おむつ　表示価格より５％OFF
㈱マツモトキヨシ　新松戸4丁目店	松戸市新松戸4-124	35.826897	139.913956	047-374-5506	ベビー食品・ベビー紙おむつ　表示価格より５％OFF
㈱マツモトキヨシ　新松戸駅前店	松戸市新松戸1丁目483番地	35.826229	139.920853	047-312-0173	ベビー食品・ベビー紙おむつ　表示価格より５％OFF
七田チャイルドアカデミー新松戸教室	松戸市新松戸2丁目14銀座ビル2F	35.82486	139.920197	047-345-1775	１DAYレッスン無料、さらに新規入室された方に七田式教材プレゼント
カーテンショップ　アプラ　新松戸本店　株式会社　サンアベニュー	松戸市新松戸5-149	35.827957	139.909332	0120-48-5070	１万円以上ご購入の方にアプラ特選クッションカバー（２枚）プレゼント！お連れのお子様にプチプレゼントをご用意しております！
カフェ・ド・ベアー	松戸市新松戸北2-2-3	35.831177	139.916168	047-343-0899	カード提示で10％引き（他カードとの併用不可）※毎月15日の特価日（定休日の場合は前日）を除く
カーコンビニ倶楽部　島田鈑金	松戸市紙敷879-1	35.764664	139.943878	047-392-4062	全作業工賃5％ＯＦＦ
ナイスベビー	松戸市高塚新田158	35.748699	139.942459	047-392-1234	ベビー用品のレンタル、販売(内祝いギフトを除く）に限りカタログ表示価格より5％オフ※その他の割引サービスとの併用は出来ません。
マクドナルド　東松戸駅前店	松戸市紙敷447-1	35.769672	139.943359	047-330-8205	◆チーズバーガーハッピーセットを特別価格で提供いたします。
マクドナルド　松戸高塚マミーマート店	松戸市高塚新田160	35.747269	139.939835	047-312-8033	◆チーズバーガーハッピーセットを特別価格で提供いたします。
食彩厨房　いちげん　東松戸店	松戸市紙敷766	35.770206	139.943222	047-330-8138	ご飲食代金１０％ＯＦＦ（１日１回１組６名様まで）
有限会社　誠石材工業　「ゆくり×誠石材」	松戸市紙敷1133-10	35.770515	139.938553	047-330-8678	石製品をお買い上げのお客様を対象に５％割引させて頂きます。また、お子様連れのお客様に粗品をプレゼント
高孫園	松戸市高塚新田10	35.76445	139.948761	047-392-6859	「子育てみらいカード」提示された方で1000円以上お買い上げのお客様に1回限り100円引き致します。（他のクーポンとの併用はできません。）
高春園	松戸市高塚新田34	35.762413	139.95047	047-392-6491	「子育てみらいカード」提示された方で1000円以上お買い上げのお客様に1回限り100円引き致します。（他のクーポンとの併用はできません。）
マルジ（○の中に「治」）園	松戸市高塚新田40	35.762413	139.95047	047-392-6471	「子育てみらいカード」提示された方で1000円以上お買い上げのお客様に1回限り100円引き致します。（他のクーポンとの併用はできません。）
高愛梨園	松戸市高塚新田49-1	35.761677	139.947311	047-392-6234	「子育てみらいカード」提示された方で1000円以上お買い上げのお客様に1回限り100円引き致します。（他のクーポンとの併用はできません。）
高源園	松戸市高塚新田54	35.761677	139.947311	047-391-5058	「子育てみらいカード」提示された方で1000円以上お買い上げのお客様に1回限り100円引き致します。（他のクーポンとの併用はできません。）
はるつね園	松戸市高塚新田90	35.759426	139.942337	047-392-6164	「子育てみらいカード」提示された方で1000円以上お買い上げのお客様に1回限り100円引き致します。（他のクーポンとの併用はできません。）
ヤマト(人屋根の下にカタカナの「ト」)印梨園	松戸市高塚新田109	35.759426	139.942337	047-392-6981	「子育てみらいカード」提示された方で1000円以上お買い上げのお客様に1回限り100円引き致します。（他のクーポンとの併用はできません。）
町山梨園	松戸市高塚新田115-11	35.759426	139.942337	047-392-6848	「子育てみらいカード」提示された方で1000円以上お買い上げのお客様に1回限り100円引き致します。（他のクーポンとの併用はできません。）
隆園	松戸市高塚新田324	35.761318	139.938126	047-392-6480	「子育てみらいカード」提示された方で1000円以上お買い上げのお客様に1回限り100円引き致します。（他のクーポンとの併用はできません。）
たかごん園	松戸市高塚新田443	35.764233	139.936325	047-391-0878	「子育てみらいカード」提示された方で1000円以上お買い上げのお客様に1回限り100円引き致します。（他のクーポンとの併用はできません。）
紙豊園	松戸市紙敷863-18	35.762554	139.944427	047-392-6945	「子育てみらいカード」提示された方で1000円以上お買い上げのお客様に1回限り100円引き致します。（他のクーポンとの併用はできません。）
高徳園	松戸市紙敷863-32	35.762554	139.944427	047-392-6946	「子育てみらいカード」提示された方で1000円以上お買い上げのお客様に1回限り100円引き致します。（他のクーポンとの併用はできません。）
種や園	松戸市高塚新田163	35.747757	139.940201	047-392-0102	「子育てみらいカード」提示された方で1000円以上お買い上げのお客様に1回限り100円引き致します。（他のクーポンとの併用はできません。）
与左ェ門園	松戸市高塚新田179	35.750694	139.939941	047-391-5028	「子育てみらいカード」提示された方で1000円以上お買い上げのお客様に1回限り100円引き致します。（他のクーポンとの併用はできません。）
高和園	松戸市高塚新田201	35.752186	139.939468	047-392-9344	「子育てみらいカード」提示された方で1000円以上お買い上げのお客様に1回限り100円引き致します。（他のクーポンとの併用はできません。）
高新園	松戸市高塚新田212	35.752186	139.939468	047-392-5227	「子育てみらいカード」提示された方で1000円以上お買い上げのお客様に1回限り100円引き致します。（他のクーポンとの併用はできません。）
ヤマタ（人屋根の下に「太」）園	松戸市高塚新田231	35.752186	139.939468	047-392-5244	「子育てみらいカード」提示された方で1000円以上お買い上げのお客様に1回限り100円引き致します。（他のクーポンとの併用はできません。）
長吉園	松戸市高塚新田244	35.755192	139.938736	047-392-6866	「子育てみらいカード」提示された方で1000円以上お買い上げのお客様に1回限り100円引き致します。（他のクーポンとの併用はできません。）
高長梨園	松戸市高塚新田262	35.755192	139.938736	047-392-9135	「子育てみらいカード」提示された方で1000円以上お買い上げのお客様に1回限り100円引き致します。（他のクーポンとの併用はできません。）
高善園	松戸市高塚新田270	35.755192	139.938736	047-392-6107	「子育てみらいカード」提示された方で1000円以上お買い上げのお客様に1回限り100円引き致します。（他のクーポンとの併用はできません。）
高佐園	松戸市高塚新田534	35.754337	139.934479	047-392-5726	「子育てみらいカード」提示された方で1000円以上お買い上げのお客様に1回限り100円引き致します。（他のクーポンとの併用はできません。）
高松園	松戸市高塚新田528	35.756268	139.935928	047-392-9131	「子育てみらいカード」提示された方で1000円以上お買い上げのお客様に1回限り100円引き致します。（他のクーポンとの併用はできません。）
高丸松園	松戸市高塚新田531-4	35.754337	139.934479	047-392-0813	「子育てみらいカード」提示された方で1000円以上お買い上げのお客様に1回限り100円引き致します。（他のクーポンとの併用はできません。）
高代園	松戸市高塚新田532	35.754337	139.934479	047-392-9134	「子育てみらいカード」提示された方で1000円以上お買い上げのお客様に1回限り100円引き致します。（他のクーポンとの併用はできません。）
平左ェ門梨園	松戸市高塚新田536	35.754337	139.934479	047-392-9115	「子育てみらいカード」提示された方で1000円以上お買い上げのお客様に1回限り100円引き致します。（他のクーポンとの併用はできません。）
高与園	松戸市高塚新田579-2	35.754337	139.934479	047-392-3500	「子育てみらいカード」提示された方で1000円以上お買い上げのお客様に1回限り100円引き致します。（他のクーポンとの併用はできません。）
高紋園	松戸市高塚新田585	35.752617	139.936249	047-391-8703	「子育てみらいカード」提示された方で1000円以上お買い上げのお客様に1回限り100円引き致します。（他のクーポンとの併用はできません。）
高友園	松戸市高塚新田600-2	35.750561	139.937729	047-392-9147	「子育てみらいカード」提示された方で1000円以上お買い上げのお客様に1回限り100円引き致します。（他のクーポンとの併用はできません。）
高七園	松戸市高塚新田614-2	35.749363	139.937592	047-392-5644	「子育てみらいカード」提示された方で1000円以上お買い上げのお客様に1回限り100円引き致します。（他のクーポンとの併用はできません。）
高安園	松戸市高塚新田631-43	35.750999	139.934097	047-392-1490	「子育てみらいカード」提示された方で1000円以上お買い上げのお客様に1回限り100円引き致します。（他のクーポンとの併用はできません。）
㈱マツモトキヨシ　高塚新田店	松戸市高塚新田135-1	35.753403	139.942642	047-312-7025	ベビー食品・ベビー紙おむつ　表示価格より５％OFF
こども英語教室　ラボ・パーティ　高塚新田教室	松戸市高塚新田642-19	35.750648	139.931641	0120-808-743	ラボ・パーティの体験教室に参加された方には、英語の歌14曲・物語2作が収録されたCDをプレゼントします♪
Luce音楽院	松戸市東松戸3-11-2	35.769485	139.940125	047-394-4933	入会月の月謝1,000円割引
キムラクリーニング	松戸市松戸1015	35.778484	139.904068	047-365-3541	ドライ品のに限り全品100円引き
葛西屋呉服店	松戸市本町8-4	35.784576	139.897263	047-367-2026	・全商品5％引（但、現金払のみ、加工料除く）・着物・浴衣着付無料（但、営業時間内、要
金太楼鮨松戸東口店	松戸市岩瀬2	35.785297	139.904663	047-362-4351	お子様にアイスクリームサービス
コイデカメラ松戸プラーレ店	松戸市松戸1149-1　プラーレ（イトーヨーカドー）5Ｆ	35.777515	139.901764	047-366-2988	【特典1】アルバム＆写真額縁を表示価格から5％ＯＦＦ【特典2】フォトブックを店頭価格から10％ＯＦＦ（店内仕上げに限る）※他の特典との併用はご容赦ください。
コイデカメラのぷりんと工房　アトレ松戸店	松戸市松戸1181　アトレ松戸5階	35.783779	139.90007	047-364-7981	【特典1】アルバム＆写真額縁を表示価格から5％ＯＦＦ【特典2】フォトブックを店頭価格から10％ＯＦＦ（店内仕上げに限る）※他の特典との併用はご容赦ください。
中華厨房　ゆうえん　松戸西口店	松戸市本町20-20	35.785259	139.900208	047-368-8583	お子様連れのお客様のお食事代を5％引き
ヘアーサロン　エドガワ	松戸市根本70-2　高橋マンション102号	35.788643	139.8974	047-366-8073	「子育てみらいカード」提示のお客様、大人も子供も100円引きに致します。（お子様にはお菓子付き）
金松堂	松戸市本町15-6	35.785011	139.898453	047-362-3373	メガネ一式5％引き
元木屋文具店	松戸市松戸1793	35.782116	139.896408	047-362-2547	全商品表示価格より5％引き
レコードショップ　アビーロード	松戸市根本14-17	35.788265	139.901505	047-368-7357	1,000円以上お買上げで50円引き
作農そば職人　藤助	松戸市本町17-25　エクセラン・コリーヌ　１Ｆ	35.785431	139.899017	047-308-1500	親子そば打ち体験教室（要予約）通常3,500円を2,500円で（対象:小学生以上親子）試し打ちの後に、実際に打っていただきます（約5食分）。ご自分で打ったそばをその場で試食し、残ったおそばはお持ち帰りいただきます。〔お持ちいただくもの〕エプロン、三角巾（手ぬぐい、バンダナ可）、お持ち帰り用容
中華そば　まるき	松戸市小根本51-2　レジデンスユーカリ101号	35.787334	139.9048	047-331-0787	100円分のトッピング（お好きな物）をサービス
株式会社　大橋工務店	松戸市松戸1329	35.781769	139.900345	047-368-4161	住宅設備ご購入のお客様に粗品進呈
株式会社　桜井電気商会	松戸市根本464	35.785488	139.901962	047-362-0034	通常価格より2％引き
（医）虹彩会　オズデンタルクリニック	松戸市松戸2041-2	35.78653	139.895584	047-363-0100	・妊婦健診で来院された妊婦さんに安江八幡宮（石川県金沢市）の安産の御守をプレゼントします。・治療を頑張ってくれたお子様におもちゃなどのプレゼントがあります。
メガネドラッグ　松戸駅前店	松戸市松戸1178	35.784615	139.901642	047-360-1171	メガネご購入時、10％引き
国際交流センター　ワールド外語学院松戸校	松戸市松戸1239　関根ビル2Ｆ	35.783428	139.901672	047-360-7067	語学を学ぶ際割引致します平日昼間コース（10：00～17：30）5％割引夜間・土日コース　　　　　　　　　　10％割引
彌栄自動車株式会社	松戸市松戸2301-8	35.77829	139.908737	047-362-4864	車の修理（車検・鈑金・塗装・一般修理）工賃10％割引
角屋の手焼せんべい	松戸市本町18-3	35.784821	139.899292	047-362-2971	お買い上げ総額の5％割引
(有）峰月	松戸市松戸1281	35.783428	139.898239	047-362-2785	お買い上げ総額の5％割引
オーガニック輸入衣料店　クーフー	松戸市松戸1340-4	35.781582	139.901047	047-368-9002	５％引き
京葉ガス松戸ショールーム	松戸市小根本7-8	35.786655	139.903656	047-365-5155	・がすたんシールプレゼント・親子で参加できる料理教室開催。（要受講料）
京葉ガスサービスショップ春雨橋店	松戸市松戸1787	35.781208	139.897263	047-368-2131	・がすたんシールプレゼント。・ガスファンヒーター購入時、がすたんランチバッグプレゼント
ヘアースタイリスト　トモ	松戸市松戸1228　松戸ステーションビル3Ｆ	35.783543	139.90123	047-367-3929	「子育てみらいカード」持参の小学６年生までの子供さんは、通常￥２,１００の所、半額の￥１，０５０にて提供させて頂きます。
三河屋	松戸市松戸1769	35.780746	139.896393	047-362-3130	つくだ煮１，０００円以上で５％サービス
グラントボクシング＆フィットネス	松戸市本町20-8　松戸本町第２ビル３階	35.785259	139.900208	047-367-5619	「子育てみらいカード」提示で初月月会費無料
ステンドグラス工房　ふぁぶりる	松戸市本町14-5　小泉ビル10B	35.785934	139.898178	047-703-4417	通常体験教室　受講料　10％OFF　　・体験（A)　ミニランプコース￥19,500→￥17,550　　・体験（B)　フォトフレームorポプリスタンド　￥3,000→￥2,700入会金　50％OFF　￥10,000→￥5,000
こりらっく整体療法院	松戸市本町25-5　第8玉屋ビル4F	35.786373	139.89856	047-366-5547	初診料（整体・カイロプラクティック療法）1,050円→無料
㈱マツモトキヨシ　松戸西口店	松戸市本町4-9	35.784428	139.899094	047-361-7860	ベビー食品・ベビー紙おむつ　表示価格より５％OFF
㈱マツモトキヨシ　アトレ松戸店	松戸市松戸1-1181	35.775349	139.912994	047-365-5228	ベビー食品・ベビー紙おむつ　表示価格より５％OFF
石川理容店	松戸市小山54	35.776669	139.896622	047-362-2071	平日、小学生までのお子様100円引、お菓子進呈
エースコンタクト　アトレ松戸店	松戸市松戸1181アトレ松戸店7F	35.783779	139.90007	047-367-3003	・コンタクトレンズ全品5％OFF！・ケア用品は特別価格！
ＣＯＣＯ塾　松戸校	松戸市本町7-10　ちばぎん松戸6F	35.784649	139.898193	047-703-6021	COCO塾　入会金無料＋受講料5%引き　COCO塾ｊｒ　入会金無料　※一部対象外コースあり
マクドナルド　松戸駅前店	松戸市松戸1230-1　ピアザ松戸ビル3階	35.782612	139.900085	047-366-5051	◆チーズバーガーハッピーセットを特別価格で提供いたします。
個別指導塾ノーバス　松戸校	松戸市本町23-5　土屋ビル3F	35.786129	139.898987	047-330-2900	新規通常入塾された方に、２コマ分の授業が無料になるチケットをプレゼント
アミティーイングリッシュスクール　馬橋校	松戸市西馬橋1-14-7 パレス馬橋1Ｆ	35.816444	139.913574	047-312-0033	1.特典あり（当校キャンペーン内容に準ずる）　※他キャンペーン特典との併用不可2.無料イベントご招待（絵本読みきかせ会、英語で歌おうなど）
はなの舞　馬橋店	松戸市馬橋117－１　田口ビル2階	35.811829	139.917984	047-349-6311	乾杯ドリンク100円！　（お父さんも、お母さんもお子様も皆で一緒に）
松戸市インラインスケート協会	松戸市新作404-1-203	35.807022	139.9207	047-368-4559	ＭＩＡ　ＫＩＤＳスクール　体験1回無料（貸くつ代含む）
合資会社　Ｋａｚａｘ	松戸市新作404-1-203	35.807022	139.9207	047-368-4559	・インラインスケート体験1回無料レッスン・スピードブーツお買い上げの方にサポートレッスン1回あります。
(有)斉藤洋品店	松戸市馬橋1916	35.810474	139.92038	047-341-3263	・お買い上げ商品の5％割引(但し特別価格品は対象外とさせて頂きます)・当店発行のグリーンカードとの併用はご容赦ください。
千福堂	松戸市馬橋1790	35.811817	139.918808	047-341-0336	商品の5％割引　子供さんへのおやつサービスなど
山長　餅菓子店	松戸市馬橋306-3	35.812695	139.918121	047-341-6426	串だんご三種の60円を50円に　10円引きします。
美容室　モーティ、Ｍｏｒｔｙ	松戸市馬橋1770	35.813332	139.918472	047-346-4138	・お子様用ドリンク・おやつのサービス
和幸寝装有限会社	松戸市中根長津町34	35.809387	139.914719	047-367-1978	商品代金を20％ＯＦＦ
京葉ガスサービスショップ馬橋店	松戸市西馬橋広手町35第2島村ビル	35.81353	139.908981	047-342-3901	・がすたんシールプレゼント。・ガスファンヒーター購入時、がすたんランチバッグプレゼント
フィットネスガーデン馬橋	松戸市馬橋1890-1ウェルネス馬橋2階	35.809624	139.919983	047-712-1234	入会金５０％ＯＦＦ月会費制入会者にはワンズレンタカー馬橋駅前支店１ＢＯＸクラスレンタカー１２時間利用無料（エスティマ７人乗り、ステップワゴン８人乗り）
ワンズレンタカー馬橋駅前店	松戸市馬橋1890-11	35.809624	139.919983	047-343-9504	チャイルドシート　無料ベビーカー（ＡＢ兼用）　無料オークスポーツプラザ無料利用券2枚進呈
アクアクララＩＮＴＥＸ	松戸市西馬橋3-48-5	35.816826	139.911652	047-312-1588	初回お申し込み時、１，２６０円でウォーターボトル５本プレゼント（スタートアップパック＋２本）
㈱マツモトキヨシ　馬橋店	松戸市西馬橋蔵元町25	35.813393	139.914505	047-346-7100	ベビー食品・ベビー紙おむつ　表示価格より５％OFF
㈱マツモトキヨシ　八ヶ崎店	松戸市八ケ崎7-45-2	35.81089	139.931564	047-346-6711	ベビー食品・ベビー紙おむつ　表示価格より５％OFF
㈱マツモトキヨシ　ホームセンター二ツ木店	松戸市八ケ崎8-34-3	35.816093	139.926773	047-346-2341	ベビー食品・ベビー紙おむつ　表示価格より５％OFF
体育スタジオＡ-１	松戸市中和倉172-3-1F	35.807701	139.921967	047-382-5712	カード提示の場合、子供・成人スクールともに入会金０円になります。
AOKI　松戸馬橋店	松戸市西馬橋2-1-1	35.816986	139.91272	047-348-6888	お買い上げ総額（税込）から5％割引（AOKI発行の他のクーポン券及びセットセールとの併用可。他の総額割引との併用不可。補正代・宅配代は実費を頂戴いたします。）
中華厨房　ゆうえん　松飛台店	松戸市松飛台534	35.777512	139.96666	047-383-3555	お子様連れのお客様のお食事代を5％引き
スダカ薬局　松飛台支店	松戸市松飛台259-10	35.784355	139.967209	047-388-1470	まっぴーポイント　オール2倍
車検のコバック　松飛台店	松戸市松飛台528-7	35.777264	139.964996	047-311-2000	車検時、エンジンオイル交換無料（対象：乗用車まで）
しんかわ屋　小泉酒店	松戸市松飛台102-3	35.788525	139.968475	047-388-1849	まっぴーカード　2倍
統園鍼灸院	松戸市六高台3-76-5	35.798336	139.989349	047-314-1570	消費税5％をサービスします。ただし保険診療分は除く
ヘアーサロン　カワカミ	松戸市六実4-2-11	35.794312	139.998276	047-387-5635	お子様の料金100円引き、お子様に粗品（菓子）進呈
(有)ホームベーカリー　サンシャンテ	松戸市松飛台145-1	35.787125	139.96582	047-384-2505	松飛台商店会(まっぴーポイントカード)2倍サービス
ブティック　ル・ポワソン	松戸市六高台2丁目6-5リバティベル102	35.79565	139.98584	047-386-2300	お買い上げ総額の10％割引毎週土曜日はポイント2倍サービス（六実ポイントカード）
千葉トヨタ自動車株式会社　松飛台店	松戸市松飛台268番地	35.782932	139.967056	047-386-1151	＊平日来店車検入庫（予約制）の整備料金10％引きさらに　ハッピーチケットの進呈（３，０００円チケット・次回来店時に使用可）＊平日来店法定点検・プロケア10・オイル交換（予約制）料金10％引き来店時に登録カードの提示が必要となります。サービスの内容は変更になる場合がありま
桑原商店	松戸市松飛台77	35.789837	139.967239	047-387-0977	松飛台商店会（まっぴーポイントカード）ポイント2倍サービス
中川商店	松戸市松飛台259-1	35.784355	139.967209	047-388-1471	当店の商品お買い上げの方にまっぴーカード2倍お付けしますタバコ・ギフト券にはまっぴーカードは付きません。
総合衣料たかもり	松戸市六実6-36-3	35.795193	139.998276	047-387-6801	むつみポイントサービス
久保健康整体院	松戸市六実6-25-9	35.796085	139.998978	047-387-7100	初回　施術料金より　５００円引
すばる書店　六高台店	松戸市六実1-14-1	35.793087	139.987228	047-330-6662	文具お買い上げ5%割引サービス
京葉ガスサービスショップ六高台店	松戸市六高台8-46	35.798141	139.982742	047-394-7566	・がすたんシールプレゼント。・ガスファンヒーター購入時、がすたんランチバッグプレゼント
むつみ石井梨園	松戸市六実3-32-3	35.791306	139.995346	047-387-5609	「子育てみらいカード」提示された方で1000円以上お買い上げのお客様に1回限り100円引き致します。（他のクーポンとの併用はできません。）
三浦園	松戸市串崎新田9	35.776821	139.971909	047-387-3097	「子育てみらいカード」提示された方で1000円以上お買い上げのお客様に1回限り100円引き致します。（他のクーポンとの併用はできません。）
まつ毛パーマフェイシャルエステ　リトルコットン	松戸市松飛台144-1-203	35.787144	139.96666	090-1107-5423	通常料金より5％引き　￥2,100→￥2,000
㈱マツモトキヨシ　松飛台店	松戸市松飛台68-1	35.789837	139.967239	047-388-0061	ベビー食品・ベビー紙おむつ　表示価格より５％OFF
㈱マツモトキヨシ　六高台店	松戸市六高台8丁目11	35.797855	139.981079	047-311-5533	ベビー食品・ベビー紙おむつ　表示価格より５％OFF
こども英語教室　ラボ・パーティ　六実教室	松戸市六実6丁目	35.795719	139.996414	0120-808-743	ラボ・パーティの体験教室に参加された方には、英語の歌14曲・物語2作が収録されたCDをプレゼントします♪
㈱マツモトキヨシ　松戸六実店	松戸市六実6丁目5番地2	35.795322	139.996094	047-311-2068	ベビー食品・ベビー紙おむつ　表示価格より５％OFF
美容室　Ｓａｋｕ　二十世紀が丘店	松戸市二十世紀が丘丸山町60	35.769989	139.912552	047-363-6878	・お連れのお子様に飲み物提供
千葉トヨタ自動車㈱　２０世紀が丘店	松戸市二十世紀が丘丸山町133-1	35.767635	139.910355	047-369-5011	＊平日来店車検入庫（予約制）の整備料金10％引きさらにハッピーチケットの進呈（３，０００円チケット・次回来店時に使用可）＊平日来店法定点検・プロケア10・オイル交換（予約制）料金10％引き来店時に登録カードの提示が必要となります。◎サービスの内容は変更になる場合がありま
㈱マツモトキヨシ　二十世紀が丘店	松戸市二十世紀が丘丸山町38-4	35.769951	139.910477	047-392-6331	ベビー食品・ベビー紙おむつ　表示価格より５％OFF
㈱マツモトキヨシ　矢切店	松戸市栗山字中台125-1	35.75547	139.895996	047-368-3001	ベビー食品・ベビー紙おむつ　表示価格より５％OFF
㈲和菓子所　八矢庵	松戸市下矢切78-1	35.760197	139.899796	047-362-5909	菓子割引（5％引）
鮮魚　魚銀	松戸市下矢切35	35.761024	139.899414	047-362-3673	品物（魚介類）の割引（店内全品）
中華厨房　ゆうえん　二十世紀が丘店	松戸市二十世紀が丘萩町10-4	35.770851	139.908203	047-363-1786	お子様連れのお客様のお食事代を5％引き
珈琲屋　めいぷる	松戸市二十世紀が丘梨元町28-3　ペアヒル二十世紀１階	35.771477	139.914734	047-391-3943	コーヒー豆お買い上げの方に１０％増量
東京ラスク矢切店	松戸市下矢切141-1	35.757996	139.898972	047-367-5445	平日限定　ポイント2倍
Ｋボディサービス	松戸市二十世紀が丘萩町11	35.770851	139.908203	047-363-5470	ご来店のお客様にお子様用「キャラクターグッズ」プレゼント
ペットサロンプルート　松戸店	松戸市二十世紀が丘梨元町28-3	35.771477	139.914734	047-316-1610	ペット送迎費　無料サービス（通常　６００円～１，０００円程度）
AOKI　松戸20世紀が丘店	松戸市20世紀ケ丘丸山町127	35.766827	139.910721	047-360-1888	お買い上げ総額（税込）から5％割引（AOKI発行の他のクーポン券及びセットセールとの併用可。他の総額割引との併用不可。補正代・宅配代は実費を頂戴いたします。）
座間梨園	松戸市五香5-12-1	35.791599	139.98291	047-387-7035	「子育てみらいカード」提示された方で1000円以上お買い上げのお客様に1回限り100円引き致します。（他のクーポンとの併用はできません。）
香実園	松戸市五香7-16-5	35.798897	139.970657	047-389-7005	「子育てみらいカード」提示された方で1000円以上お買い上げのお客様に1回限り100円引き致します。（他のクーポンとの併用はできません。）
株式会社リッツ・クリナース	松戸市五香西3-8-3	35.793373	139.958298	047-386-6384	ポイントサービス　通常の2倍又は粗品進呈
カット　スペース　アキモト	松戸市常盤平5-15-26	35.797382	139.962189	047-388-2345	・小学生未満　１，０００円・12才まで　１，５００円・お子さんとご一緒のお父さん　10％引き
元祖白いたいやき　尾長屋	松戸市常盤平5丁目14-28	35.79726	139.963608	047-389-6769	たいやき3個以上お買い上げの方　1コサービス
マクドナルド　五香店	松戸市五香1-11-12	35.795284	139.969101	047-389-9399	◆チーズバーガーハッピーセットを特別価格で提供いたします。
マクドナルド　八柱イトーヨーカドー店	松戸市日暮1-15	35.790993	139.939789	047-311-9863	◆チーズバーガーハッピーセットを特別価格で提供いたします。
マクドナルド　常盤平店	松戸市常盤平3-10-1	35.802887	139.951294	047-389-6091	◆チーズバーガーハッピーセットを特別価格で提供いたします。
セントラル理容室	松戸市牧の原団地1-21-102	35.792347	139.955338	047-385-2921	◎子供調髪料金　　　２，７００円を２，５００円に◎お菓子をサービス
ときわ平ボウリングセンター	松戸市常盤平2-8-2	35.802837	139.949844	047-388-0010	カード提示１枚に付き６名様まで利用清算額よりおひとり様１００円割引※他の優待割引との併用は出来ません
ドコモショップ松戸五香店	松戸市常盤平5-28-9	35.795959	139.966019	047-311-7021	ご来店のお客様へ　ケータイ電話の点検・クリーニングをさせて頂きます。点検をしたお客様に粗品もプレゼント
ファミコンショップ　ガンダム	松戸市常盤平2-24-2常盤平中央商店街	35.799885	139.950607	090-8501-1075	中古ゲームソフトをお買い上げの方、１０％割引
ドコモショップ新八柱店	松戸市日暮1-16-1　ＲＧ八柱ビル1Ｆ	35.790863	139.937973	047-312-7927	毎週水曜日に子育てみらいカードをもって来店されたお客様でケータイ電話の新規・機種変更をされる方は店頭価格の頭金より１，０５０円（税込み）お値引きいたします。※頭金が１，０００円未満の機種に関しては対象外です。
金太楼鮨常盤平店	松戸市常盤平3-7-9	35.802834	139.955856	047-386-0007	お子様にアイスクリームサービス
コイデカメラ松戸牧の原店	松戸市牧の原2-32	35.790356	139.957642	047-387-5400	【特典1】アルバム＆写真額縁を表示価格から5％ＯＦＦ【特典2】超高画質な写真がそのまま「すぐアルバム」になる〔フォトブック〕を店頭価格の20％ＯＦＦ　・標準で（写真）20枚のフォトブック1,500円を20％引の1,200円で作成　※他の特典との併用はご容赦ください。　※対象商品：フォトブックスクエア
大黒寿司	松戸市常盤平7-30-4	35.793922	139.954529	047-385-0015	・カード提示の方、消費税サービス。・お子様にアイスクリームのサービス。
真心の味　さんかい亭	松戸市日暮1-16-16	35.790863	139.937973	047-392-8550	お子様にデザート（アイス等）サービス
セオサイクル　五香店	松戸市常盤平6-3-2	35.796768	139.960281	047-311-7880	自転車買い替えの方に処分車無料サービス
割烹しの田	松戸市田中新田55-5	35.781757	139.942398	047-389-1919	・お連れ様のお客様にアイスクリームのサービス・食育の為の料理教室への参加料50％引き
エースカイロ整体院	松戸市常盤平1-19-6-101	35.804623	139.949966	047-387-0615	施術料、回数券に対して、正規価格の10％ＯＦＦでご利用いただけます。例）施術料　一般4,000円→3,600円、回数券5回券17,000円→15,300円、10回券30,000円→27,000円。※初回の初診料1,000円、それ以外の商品の購入については対象外です。
株式会社　湯浅建設	松戸市日暮5-25	35.790329	139.942673	047-387-2281	住宅新築工事はもちろん、リフォーム工事、エクステリア工事等において、2.5％の割引にて工事を請負させて頂きます。
文具の博文堂	松戸市常盤平5-21-6	35.796234	139.963455	047-387-3818	カード提示で粗品を進呈
美容　ゆい	松戸市常盤平5-13-11	35.797649	139.963547	047-384-7448	毎週木曜日は、当店のスタンプ2倍に。（例：スタンプ36コから￥ヘアークリームとか高級ヘアートリートメントヘアーケア商品を差し上げています。
美容室ヘアーヴィヴァーチェ（HAIR-VIVACE）	松戸市常盤平5-14-23松戸第3シマムラビル1Ｆ	35.79726	139.963608	047-311-7677	平日ご来店5％ＯＦＦ。（\10,000円以上の施術は10％ＯＦＦ。他のクーポンとの併用は不可）
理容・美容　サロンド八柱	松戸市金ヶ作27-33	35.791702	139.941238	047-387-6998	ファミリーでのご利用の方には10％割引があります。お子様にはドリンク、おやつのご用意があります。
有限会社 三光社 吉岡時計店	松戸市常盤平5-7-5	35.798225	139.963837	047-387-0774	お買上の10％割引
メガネとトケイのハナザワ	松戸市常盤平5-17-18	35.796814	139.963654	047-386-8730	お買上げの5％引
有限会社メガネハウス・アイアイ	松戸市金ヶ作408-142ＳＫハイム101	35.801495	139.963547	047-385-6150	メガネ一式購入、当店割引価格より更に1,000円値引き。（(注）セット価格商品は除く）
京葉ガスサービスショップ常盤平店	松戸市常盤平4-20-9	35.798405	139.95697	047-387-7183	・がすたんシールプレゼント。・ガスファンヒーター購入時、がすたんランチバッグプレゼント
京葉ガスサービスショップ八柱店	松戸市常盤平陣屋前15-13	35.793713	139.942413	047-385-2323	・がすたんシールプレゼント。・ガスファンヒーター購入時、がすたんランチバッグプレゼント
ＨＡＩＲ-ＦＩＲＳＴ	松戸市五香1-22-13	35.794727	139.969711	047-387-1964	お子様用おやつのサービス
スローコーヒー　八柱店	松戸市日暮6-60　2F	35.791786	139.944855	047-703-9700	・金曜日、土曜日にご来店のお子様（小学生以下）にスコーン、りんごジュース、おにぎりより一品をサービス。・お誕生月のお子様にプレゼント進呈。
岩田指圧	松戸市日暮3-1-5　コーポヒロ107	35.789825	139.938644	047-392-3210	数種類の中からお選び頂けるアロマコットンをプレゼント致します。
子育て支援団体☆睦　ほほえみ	松戸市常盤平2-24-2	35.799885	139.950607	047-311-1108	一時預かり料金　会員割引（年会費無し・契約金半額）
㈱マツモトキヨシ　常盤平店	松戸市常盤平3-7-3	35.802834	139.955856	047-384-0588	ベビー食品・ベビー紙おむつ　表示価格より５％OFF
㈱マツモトキヨシ　八柱店	松戸市日暮5-50	35.7906	139.941772	047-389-3222	ベビー食品・ベビー紙おむつ　表示価格より５％OFF
㈱マツモトキヨシ　八柱駅前店	松戸市日暮1-15-1	35.790993	139.939789	047-388-6605	ベビー食品・ベビー紙おむつ　表示価格より５％OFF
㈱マツモトキヨシ　五香店	松戸市五香7-66-1	35.798981	139.976196	047-384-7655	ベビー食品・ベビー紙おむつ　表示価格より５％OFF
㈱マツモトキヨシ　五香駅前通り店	松戸市常盤平5-17-7	35.796814	139.963654	047-386-2601	ベビー食品・ベビー紙おむつ　表示価格より５％OFF
松里福祉作業所	松戸市五香5-10-3	35.792217	139.983063	047-383-0847	・低農薬の国産米100%使用～松里の手作りせんべい～『作・作かきもち』（200円）、『作・作あられ』（100円・150円）を通常価格より10％割引・『こしひかり（玄米・精白米）』（放射性物質検査済み低農薬米）をご注文の方は通常配送料200円を無料
リラクゼーションサロン　BlueAmber	松戸市金ヶ作303-129	35.802147	139.963821	047-727-0463	・フェイシャルエステ（60分）￥3,000円→10％OFF・ヘッドスパ（30分）￥3,000→10％OFF
セルモ　常盤平教室	松戸市常盤平3-9-8	35.803169	139.95253	047-388-3719	入塾金半額
㈱マツモトキヨシ　五香西店	松戸市五香西3丁目2番1号	35.793457	139.961075	047-394-0808	ベビー食品・ベビー紙おむつ　表示価格より５％OFF
こども英語教室　ラボ・パーティ　八柱教室	松戸市日暮5-113	35.789787	139.94136	0120-808-743	ラボ・パーティの体験教室に参加された方には、英語の歌14曲・物語2作が収録されたCDをプレゼントします♪
麺屋むどう	松戸市常盤平5-11-23インシュランスビル101	35.797771	139.965088	047-710-0303	お好きな100円トッピングをラーメンご注文の数だけサービス！
AOKI　松戸八柱店	松戸市牧の原1-111	35.791885	139.946213	047-389-3888	お買い上げ総額（税込）から5％割引（AOKI発行の他のクーポン券及びセットセールとの併用可。他の総額割引との併用不可。補正代・宅配代は実費を頂戴いたします。）